,frag_loc,conc_assumed,Sequence Length,dil_tube,equimolar ratio,inverse of conc,initial required amount,H20 to add to 1uL of fragment,new Conc,new required amount,final amount to add,location_of_assembly
0,A6,60,1070,F6,0.24935912374737823,0.016666666666666666,0.41559853957896375,3.8123364485981304,12.467956187368912,2.0,2.0,B8
1,B6,60,4291,G6,1.0,0.016666666666666666,1.6666666666666667,,,,1.6666666666666667,B8
2,A5,60,1072,F5,0.24982521556746679,0.016666666666666666,0.4163753592791113,3.803358208955224,12.49126077837334,1.9999999999999998,1.9999999999999998,B8
